wallet_address,,,,,,,
TYh9ahVuCLZjXAbem4VsvyFTzY5FjmFkQv,,,,,,,
1DE9JwUzYnwDGSJ594TiVThgESSejtLwLY,,,,,,,
832140170,,,,,,,
0x6a255fd6a3999612a1bcfdd58b3fce05894838d5,,,,,,,
bc1qg9lcn70lh0re3584euuyhqf6m5gndzpywqup0p,,,,,,,
0xbc6ad5d1be7c955bcc2370d79e1375ec9c554b18,,,,,,,
TJ5ommcr1Ap5AQ2GuvG9B4jBSny8JieKhY,,,,,,,
DKVdv33TNSuR13YPb2mBLpxq14WEM6BvGg,,,,,,,
0x20E812Ff200443B0640fDFF2937e42ceeFc719F0,,,,,,,
TCycfyDr5H5rz9SP66okBYTYmpC3aRQ3P1,,,,,,,
3ArzNFHTgSLu2NTDUJeWCj9UvEaMa4k7fA,,,,,,,
LQnjrBcxEjDkmKKKsaujATQqZyEv7mnELm,,,,,,,
LcPPzzFAgAQqPsDLfk8wXVko52cJZQDa24,,,,,,,
TJckL5tz4bLmDhv93mJ7FqiPYASLo47g25,,,,,,,
ryizo4TTY1fjvyS13PBWEXfnFktpbPdTp,,,,,,,
0xf50ee719904b1cb241cb519b678a1e891ad70e85,,,,,,,
1K22PAKBFHQHzSd6zrk6st6QXiGW6TGSJc,,,,,,,
bc1qu7993pw7gmhqsdgqpyrw8y77dw6h3dqrhtp5qu,,,,,,,
BuwmbE98m2jhnr1jRCLZPRY7AVK7gDXMYyyg88ZJz1E5,,,,,,,
15nHuuvnNGBFPsPM3YcRwvRLuu2QrnVDPm,,,,,,,
0x0bad4abade85d1ea95010dabfe0375a4c49e2efb,,,,,,,
TBuKL4idjUZE9JN4uzHJebLnhUgaAtZGUK,,,,,,,
1DE9JwUzYnwDGSJ594TiVThgESSejtLwLY,,,,,,,
0x8396fbe4ebb46430cb6ac034f6a89e49d1b68197,,,,,,,
bc1qz7amjarx5d3z4tqz0dr55vlszjels6ve66um5f,,,,,,,
0x8396fbe4ebb46430cb6ac034f6a89e49d1b68197,,,,,,,
0x8396fbe4ebb46430cb6ac034f6a89e49d1b68197,,,,,,,
bc1qwp94nas5ylp8yw4l75sergmnldwue8e57uqxhh,,,,,,,
bc1qr806mt3ech09ehweclfz06kgu9t3kfzc54zk7a,,,,,,,
TJgVPai1E5YnLX6BrS6rpBXvT4cPN9pQA2,,,,,,,
0x287e9a7a0190569aad177eb242ec74820c68cd41,,,,,,,
1HCs8VnazaCzdFZjFJiAVxMfCTmFbNTqsp,,,,,,,
1DE9JwUzYnwDGSJ594TiVThgESSejtLwLY,,,,,,,
TEgdWw4dUoBmgW31F1KDdsnx97mjki4VD7,,,,,,,
12rPXhGaWtsrFJ4YSsujvTxFCv1Ev7HpEV,,,,,,,
DN9GB9Ehpy2KfUmhtt6DvayB72YXame1pt,,,,,,,
TBAp2eYpwUkL1ubkVkU8z4UeUuxkRTeHZv,,,,,,,
0x0af44c5257c246f48a7ed578cfb412bef642872f,,,,,,,
13PSs33Ei4udsCQ8YjMmJZqSxnNmmPSm3S,,,,,,,